2021-03-02, SHK PPT (00016.HK) May Price Prince Central This Week ,16,news-daily
2021-03-01," <Research Report>CICC's Forecast on HSI Constituent Adjustment, Potential Fund Flow (Table) ",16,news-daily
2021-02-26," <Research Report>HSBC Research Raises SHK PPT (00016.HK) TP to $135.9, Rated Buy ",16,news-daily
2021-02-26," *HSBC Research Raises SHK PPT (00016.HK) TP to $135.9, Rated Buy ",16,news-daily
2021-02-26," Brokers' Latest TPs, Views on SHK PPT (00016.HK) Post-2020 Result (Table)  ",16,news-daily
2021-02-26, <Research Report>JPM Elevates SHK PPT (00016.HK) TP to $141.7; Rated Overweight ,16,news-daily
2021-02-26, <Research Report>C Suisse Adds SHK PPT (00016.HK) TP to $156.6; Rated Outperform ,16,news-daily
2021-02-26, *JPM Elevates SHK PPT (00016.HK) TP to $141.7; Rated Overweight ,16,news-daily
2021-02-26, *C Suisse Adds SHK PPT (00016.HK) TP to $156.6; Rated Outperform ,16,news-daily
2021-02-25," SHK PPT: Overall Results Remain Stable amid Toughness; Seeking Investment Opportunities in HK, CN ",16,news-daily
2021-02-25, *SHK PPT Interim Underlying Profit Up 30.2% to $17.482B; Interim Div Kept at $1.25  ,16,news-daily
2021-02-25, <Bluechip Result>SHK PPT Interim Underlying Profit Up 30.2% to $17.482B; Interim Div Kept at $1.25 ,16,news-daily
2021-02-25," HK Mkt Blown by Negatives, To Stay Volatile Near Term ",16,news-daily
2021-02-24," <Research Report>M Stanley Sees SHK PPT Interim EPS +27% YoY, NWD's + 29% ",16,news-daily
2021-02-24," *M Stanley Sees SHK PPT (00016.HK) Interim EPS +27% YoY, NEW WORLD DEV (00017.HK)'s EPS + 29% ",16,news-daily
2021-02-17," CKA Wins Bid of Kai Tak Area 4E Site 2 at $10.28B, Price In Line ",16,news-daily
2021-02-05, LandsD: 5 Bids for 2nd Residential Site on Mansfield Road  ,16,news-daily
2021-02-05, At Least 5 Bids for 2nd Residential Site on Mansfield Road  ,16,news-daily
2021-01-27," RVD: HK Last Dec Property Price Index Sags 0.39% MoM, Down for 3rd Mth ",16,news-daily
2021-01-25, JLL: Central's Grade A Office Vacancy Rate Tops 7% For 1st Time Since 2004 ,16,news-daily
2021-03-01," <Research Report>CICC's Forecast on HSI Constituent Adjustment, Potential Fund Flow (Table) ",16,news-report
2021-02-26," <Research Report>HSBC Research Raises SHK PPT (00016.HK) TP to $135.9, Rated Buy ",16,news-report
2021-02-26," *HSBC Research Raises SHK PPT (00016.HK) TP to $135.9, Rated Buy ",16,news-report
2021-02-26, <Research Report>JPM Elevates SHK PPT (00016.HK) TP to $141.7; Rated Overweight ,16,news-report
2021-02-26, <Research Report>C Suisse Adds SHK PPT (00016.HK) TP to $156.6; Rated Outperform ,16,news-report
2021-02-26, *JPM Elevates SHK PPT (00016.HK) TP to $141.7; Rated Overweight ,16,news-report
2021-02-26, *C Suisse Adds SHK PPT (00016.HK) TP to $156.6; Rated Outperform ,16,news-report
2021-02-24," <Research Report>M Stanley Sees SHK PPT Interim EPS +27% YoY, NWD's + 29% ",16,news-report
2021-02-24," *M Stanley Sees SHK PPT (00016.HK) Interim EPS +27% YoY, NEW WORLD DEV (00017.HK)'s EPS + 29% ",16,news-report
2021-01-05," <Research Report>JPM's Latest Ratings & TPs on HK Developers, Landlords (Table) ",16,news-report
2021-01-05," <Research Report>JPM Tweaks TPs on Developers, Landlords; Bullish on SHK, Sino, CKA, Swire Properties ",16,news-report
2021-01-05," <Research Report>BofAS' Latest Ratings, TPs on Developers (Table) ",16,news-report
2021-01-05," <Research Report>BofAS Upgrades WHARF HOLDINGS (00004.HK) to Buy, HENDERSON LAND (00012.HK) to Neutral ",16,news-report
2021-01-05," *JPM Tweaks TPs on Developers, Landlords; Bullish on SHK, Sino, CKA, Swire Properties ",16,news-report
2020-12-29, <Research Report>Citi Axes SHK PPT (00016.HK) TP to $132; Rated Buy ,16,news-report
2020-12-29, *Citi Axes SHK PPT (00016.HK) TP to $132; Rated Buy ,16,news-report
2020-12-21," <Research Report>M Stanley's Latest CN, HK Focus List (Table) ",16,news-report
2020-12-18," <Research Report>UBS: MSCI HK Index End-21E Target 12,300 ",16,news-report
2020-12-18," *UBS: MSCI HK Index End-21E Target 12,300 ",16,news-report
2020-12-11," <Research Report>M Stanley's Ratings, TPs on HK Developers, Landlords (Table) ",16,news-report
2020-12-11,"M Stanley: 2021E HK Home Prices to Climb 2%; Tweaks Developer, Landlord TPs",16,news-report
2020-12-11,"*M Stanley: 2021E HK Home Prices to Climb 2%; Tweaks Developer, Landlord TPs",16,news-report
2020-11-26,Daiwa: Govt Abolishes Doubled Stamp Duty on Non-residential Homes; Commercial Property Vibrancy May Boost Econ,16,news-report
2020-11-26,"Citi: Policy Address Neutral to HK Home Mkt, Developers; Home Prices Stable in Near Term",16,news-report
2020-11-16,M Stanley's Latest CN/HK Mkt Focus List (Table),16,news-report
2020-10-30,"G Sachs' Latest Ratings, TPs on HK Developers (Table) ",16,news-report
2020-10-30,"G Sachs Upgrades SHK, HLP to Buy; Downgrades HLD, WHARF REIC to Neutral",16,news-report
2020-10-30,"*G Sachs Upgrades SHK, HANG LUNG PPT to Buy; Downgrades HLD, WHARF REIC to Neutral ",16,news-report
2020-10-22,M Stanley's Latest China/HK Focus List (Table),16,news-report
2020-10-15,"Daiwa's Ratings, TPs on HK Developers (Table)",16,news-report
2020-10-15,Daiwa: HK Home Mkt Worry Eases; Lifts 2020E Home Price Forecast from -8% to Flattish,16,news-report
2020-10-08,G Sachs Adds SHK PPT (00016.HK) TP to $127; Rated Neutral,16,news-report
2020-10-08,*G Sachs Adds SHK PPT (00016.HK) TP to $127; Rated Neutral,16,news-report
2020-09-24,"BofAS' Latest TPs, Ratings on HK Developers (Table) ",16,news-report
2020-09-24,"BofAS: HK 2021E Home Prices Flattish, Developers' Fundamentals Better; Top-picks SHKP, NWD, Link REIT",16,news-report
2020-09-24,"*BofAS: HK 2021E Home Prices Flattish, Developers' Fundamentals Better; Top-picks SHKP, NWD, Link REIT",16,news-report
2020-09-16,"HSBC Research's Latest Ratings, TPs on Local Developers (Table)",16,news-report
2020-09-16,"M Stanley: China's Luxury Retail Sales Growth Expedites; Upbeat on Macau Casinos, CN Retailers, Developers ",16,news-report
2020-09-16,"HSBC Global Research Expects Mild Recovery for 2H20 Property Mkt; Recommends SHK, NWD, SINO",16,news-report
2020-09-16,"*HSBC Global Research Expects Mild Recovery for 2H20 Property Mkt; Recommends SHK, NWD, SINO",16,news-report
2020-09-11,C Suisse Axes SHK PPT (00016.HK) TP to $120.1; Rated Outperform,16,news-report
2020-09-11,Macquarie Sinks SHK PPT (00016.HK) TP to $143.42; Rated Outperform,16,news-report
2020-09-11,*Macquarie Sinks SHK PPT (00016.HK) TP to $143.42; Rated Outperform,16,news-report
2020-09-11,*C Suisse Axes SHK PPT (00016.HK) TP to $120.1; Rated Outperform,16,news-report
2020-09-07,HSBC Global Research Sinks SHK PPT TP to $125.8; Expects Annual Core Earnings to Drop 8.4% with Flattish Div,16,news-report
2020-09-07,*HSBC Global Research Sinks SHK PPT TP to $125.8; Expects Annual Core Earnings to Drop 8.4% with Flattish Div,16,news-report
2020-07-20,*M Stanley: HK Govt Extends Social Distancing; Core Shopping Area Footfall Nearly Sinks to Apr Levels,16,news-report
2020-07-03,"HSBC Research's Ratings, TPs on HK Developers (Table) ",16,news-report
2020-07-03,"HSBC Research Upgrades SINO LAND (00083.HK) to Buy; Upbeat on SHK, NWD, Link REIT, Etc",16,news-report
2020-07-03,"*HSBC Research Upgrades SINO LAND (00083.HK) to Buy; Upbeat on SHK, NWD, Link REIT, Etc",16,news-report
2020-07-02,"HSBC Research: Upbeat on Developers, Insurers, Internet, Telcos, Some Utilities; Cautious on Banks",16,news-report
2020-07-02,"*HSBC Research: Upbeat on Developers, Insurers, Internet, Telcos, Some Utilities; Cautious on Banks",16,news-report
2020-06-30,"Citi: Home Prices Picking Up Growth; Upbeat on Developers, Retail Landlords",16,news-report
2020-06-30,"*Citi: Home Prices Picking Up Growth; Upbeat on Developers, Retail Landlords",16,news-report
2020-05-29,C Suisse: HK Developers May Be Hardest Hit if HK Loses Separate Customs Territory Status,16,news-report
2020-05-27,"BofAS' TPs, Ratings on HK Developers (Table)   ",16,news-report
2020-05-27,"BofAS: HK Developers Face Uncertainty; Downgrades HLD, NWD",16,news-report
2020-05-27,"*BofAS: HK Developers Face Uncertainty; Downgrades HLD, NWD",16,news-report
2020-05-27,M Stanley Heightens SHK PPT (00016.HK) TP to $131; Rated Overweight,16,news-report
2020-05-27,*M Stanley Heightens SHK PPT (00016.HK) TP to $131; Rated Overweight,16,news-report
2020-05-26,"HSBC Global Research Expects Home Price to Slip 4-9% in Remainder of 2020; Upbeat on CKA, NWD",16,news-report
2020-05-26,"DBS: HK New Home Deals Strong at Weekend; Developers' Valuation Low, Likes SHK, NWD",16,news-report
2020-05-25,"G Sachs' TPs, Ratings on HK Developers (Table) ",16,news-report
2020-05-25,G Sachs: HK Home Mkt May Turn Bumpy on Social Events; Home Prices to Slip 5-15% More than Forecast,16,news-report
2020-05-22,"M Stanley Latest CN, HK Focus List (Table) ",16,news-report
2020-05-15,BofAS: Upbeat on SHK PPT (00016.HK); Expects New Project Launches to Boost Shrs,16,news-report
2020-05-15,*BofAS: Upbeat on SHK PPT (00016.HK); Expects New Project Launches to Boost Shrs ,16,news-report
2020-05-14,M Stanley's Latest PRC/HK Mkt Focus List (Table),16,news-report
2020-04-29,"BofAS' Latest TPs, Ratings on Developers, Landlords (Table)  ",16,news-report
2020-04-29,"BofAS Chops TPs on Developers, Landlords Broadly; Downgrades WHARF HOLDINGS to Neutral",16,news-report
2020-04-29,"*BofAS Chops TPs on Developers, Landlords Broadly; Downgrades WHARF HOLDINGS to Neutral ",16,news-report
2020-04-24,"G Sachs' Latest TPs, Ratings on HK Developers (Table)  ",16,news-report
2020-04-24,G Sachs Upgrades NEW WORLD DEV (00017.HK) to Buy; Downgrades SHK PPT (00016.HK) to Neutral,16,news-report
2020-04-24,*G Sachs Upgrades NEW WORLD DEV (00017.HK) to Buy; Downgrades SHK PPT (00016.HK) to Neutral,16,news-report
2020-04-15,"G Sachs' Latest Ratings, TPs on HK Developers, Landlords (Table) ",16,news-report
2020-04-15,"*G Sachs: HK Home Prices to Slip 7% Further; Likes CKA, Link REIT on Good DPS Growth",16,news-report
2020-04-08,"HSBC Research's Latest Ratings, TPs on HK Developers (Table) ",16,news-report
2020-04-07,"BofAS' Latest Ratings, TPs on HK Developers, Landlords, REITs (Table) ",16,news-report
2020-04-07,BofAS Projects HK Home Prices to Dive 15-20% This Yr; Axes TPs on Developers by 10%,16,news-report
2020-04-07,M Stanley's Latest CN/ HK Mkt Focus List (Table),16,news-report
2020-03-17,"HSBC Research's Latest Ratings, TPs on Developers (Table)",16,news-report
2020-03-17,"HSBC Research Sees HK 1H20 Home Prices Down 5-10%; CKA, NWD among 5 Top-picks",16,news-report
2020-03-17,"*HSBC Research Sees HK 1H20 Home Prices Down 5-10%; CKA, NWD among 5 Top-picks",16,news-report
2020-03-16,M Stanley Assumes SHK PPT (00016.HK) Shares to Outperform in Next 60 Days,16,news-report
2020-03-16,*M Stanley Assumes SHK PPT (00016.HK) Shares to Outperform in Next 60 Days ,16,news-report
2020-02-28,"HSBC Research Trims SHK PPT TP to $131.3, Kept Buy",16,news-report
2020-02-28,"*HSBC Research Trims SHK PPT TP to $131.3, Kept Buy",16,news-report
2020-02-28,"Brokers' Latest TPs, Views on SHK PPT (00016.HK) (Table) ",16,news-report
2020-02-28,C Suisse Trims SHK PPT (00016.HK) TP to $149.4; Rated Outperform,16,news-report
2020-02-28,Daiwa Drops SHK PPT (00016.HK) TP to $156.8; Rated Buy,16,news-report
2020-02-28,*C Suisse Trims SHK PPT (00016.HK) TP to $149.4; Rated Outperform,16,news-report
2020-02-28,*Daiwa Drops SHK PPT (00016.HK) TP to $156.8; Rated Buy ,16,news-report
2020-02-28,M Stanley Axes SHK PPT (00016.HK) TP to $128; Rated Overweight,16,news-report
2020-02-28,*M Stanley Axes SHK PPT (00016.HK) TP to $128; Rated Overweight ,16,news-report
2020-02-20,"BofAS' Latest Ratings, TPs on HK Developers, Landlords (Table)",16,news-report
2020-02-20,BofAS Sees HK Home Prices Down 10% in 1H20; Cuts TPs on Developers,16,news-report
2020-02-20,*BofAS Sees HK Home Prices Down 10% in 1H20; Cuts TPs on Developers,16,news-report
2020-02-07,"G Sachs' Latest Ratings, TPs on Developers, Landlords (Table)",16,news-report
2020-02-07,"G Sachs Axes TPs on Developers, Landlords Broadly; Upgrades LINK REIT to Buy",16,news-report
2020-02-03,BofAS: 5% Downside Risk to Home Price Forecasts; HK Developers Enticing in Long Run ,16,news-report
2020-02-03,*BofAS: 5% Downside Risk to Home Price Forecasts; HK Developers Enticing in Long Run,16,news-report
2020-01-15,"BofAS' Latest Ratings, TPs on Developers (Table)",16,news-report
2020-01-15,"BofAS: Developer Top-picks SHKP, Wharf; Prefers Hang Lung, Hysan in Landlords",16,news-report
2020-01-15,"*BofAS: Developer Top-picks SHKP, Wharf; Prefers Hang Lung, Hysan in Landlords",16,news-report
2020-01-14,"G Sachs' Latest Ratings, TPs on HK Developers (Table)",16,news-report
2020-01-13,"HSBC Research's Latest Ratings, TPs on Developers (Table)",16,news-report
2020-01-13,HSBC Research Sees HK 2020 Home Prices Down 5-10%; Developers to Embrace Turnaround in Mid-20,16,news-report
2020-01-13,*HSBC Research Sees HK 2020 Home Prices Down 5-10%; Developers to Embrace Turnaround in Mid-20,16,news-report
2020-01-09,"*JPM: HK Home Prices May Correct 10% Soon, Priced In in Developers; Swire, Fortune REIT Upgraded to OW",16,news-report
2020-01-08,"M Stanley's Latest Ratings, TPs on Developers (Table)",16,news-report
2020-01-08,"M Stanley Sees HK Home Prices to Drop Deeper in 1Q20, but Rise 5-10% in FY20 ",16,news-report
2020-01-08,"*M Stanley Sees HK Home Prices to Drop Deeper in 1Q20, but Rise 5-10% YoY in FY20 ",16,news-report
2020-01-03,"Citi's Latest Ratings & TPs on HK Developers, Landlords (Table)",16,news-report
2020-01-03,"Citi: HK Home Mkt May Pick Up Growth Next Mth, Home Prices to Grow 5-10% on Full Yr Basis",16,news-report
2020-01-03,"*Citi: HK Home Mkt May Pick Up Growth Next Mth, Grow 5-10% on Full Yr Basis",16,news-report
2019-12-09,"DBS: HSI 2020 Target at 28,300; BOCHK, HKEX Among 12 Top Buys",16,news-report
2019-11-20,"DBS Research's Latest TPs, Ratings on Developers (Table)",16,news-report
2019-11-20,DBS Research: HK Developer Valuations Close to Historical Low; Top Pick SHK PPT,16,news-report
2019-11-20,*DBS Research: HK Developer Valuations Close to Historical Low; Top Pick SHK PPT (00016.HK),16,news-report
2019-10-31,"M Stanley: HSBC Cuts Best Lending Rate, Likely Positive on HK Developers",16,news-report
2019-10-17,"HSBC Research: Policy Address Focuses on Housing, Land Supply; Expected to Favor Developers ",16,news-report
2019-10-17,"*HSBC Research: Policy Address Focuses on Housing, Land Supply; Expected to Favor Developers ",16,news-report
2019-10-17,"C Suisse: HK Govt Loosens Mortgage Policy 1st Time in Yrs; Developer Top Picks HLD, NWD",16,news-report
2019-10-17,BofAML's Latest Ratings & TPs on HK Developers (Table),16,news-report
2019-10-17,"BofAML Upgrades SHK PPT (00016.HK) to Buy, Downgrades SINO LAND (00083.HK) to Neutral",16,news-report
2019-10-17,"UBS: HENDERSON LAND, NEW WORLD DEV, SHK PPT Biggest Beneficiaries of Policy Address",16,news-report
2019-10-17,"M Stanley: Policy Address to Favor Home Deals, Developers",16,news-report
2019-10-17,"JPM: Relaxing LTV Ratio for First Home Purchases to Boost Short-term Private Demand; Top Picks NWD, HLD ",16,news-report
2019-10-17,"Daiwa Ratings, TPs on HK Developers (Table)",16,news-report
2019-10-17,Daiwa: LTV Ratio Relaxation to Generate Annual Demand for Over 2K Extra Flats,16,news-report
2019-10-17,"*BofAML Upgrades SHK PPT (00016.HK) to Buy, Downgrades SINO LAND (00083.HK) to Neutral ",16,news-report
2019-10-17,"*UBS: HENDERSON LAND, NEW WORLD DEV, SHK PPT Biggest Beneficiaries of Policy Address ",16,news-report
2019-10-17,"*JPM: Relaxing LTV Ratio for First Home Purchases to Boost Short-term Private Demand; Top Picks NWD, HLD ",16,news-report
2019-10-16,"M Stanley: LTV Ratio Relaxed in Policy Address, May Favor Private Home Demands & Developers",16,news-report
2019-10-16,"*M Stanley: LTV Ratio Relaxed in Policy Address, May Favor Private Home Demands & Developers",16,news-report
2019-10-16,"G Sachs' Latest Ratings, TPs on HK Developers (Table)",16,news-report
2019-10-16,G Sachs Includes CK ASSET into CL Buy List; Downgrades HANG LUNG PPT to Sell,16,news-report
2019-10-16,"*G Sachs Includes CK ASSET into CL Buy List, Excludes SHK PPT; Downgrades HANG LUNG PPT to Sell ",16,news-report
2019-10-03,"JPM Places UW on Wharf REIC, Hysan, Swire Properties; 3 Picks Include Henderson Land",16,news-report
2019-10-03,"HSBC Research's Latest Ratings, TPs on Developers, Landlords (Table)",16,news-report
2019-10-03,"HSBC Research: Prefers Retail Landlords to Office Landlords; Top-picks LINK REIT, HANG LUNG PPT",16,news-report
2019-10-02,UBS Assumes Policy Address to Shelve 'Lantau Tmr Vision'; Future Land Supply More Reliant on Farmland or Brownfield,16,news-report
2019-10-02,*UBS Assumes Policy Address to Shelve 'Lantau Tmr Vision'; Future Land Supply More Reliant on Farmland or Brownfield,16,news-report
2019-09-23,JPM Holds Negative View on Retail Landlords; Recommends Developers like CKA,16,news-report
2019-09-12,G Sachs: Invoking 'Lands Resumption Ordinance' on Certain Farmland Not Necessarily Adverse to Key Developers,16,news-report
2019-09-12,*G Sachs: Invoking 'Lands Resumption Ordinance' on Certain Farmland Not Necessarily Adverse to Key Developers,16,news-report
2019-09-11,Macquarie Assumes Home Prices to Keep Steadying until End-20; Suggests to Bottom Fish Developers,16,news-report
2019-09-11,*Macquarie Assumes Home Prices to Keep Steadying until End-20; Suggests to Bottom Fish Developers ,16,news-report
2019-09-06,HSBC Research's Latest Ratings & TPs on HK Developers (Table),16,news-report
2019-09-06,"HSBC Research: Mkt May Be Too Pessimistic about Developers; Bullish on SHK, Sino, Wheelock, HLP, Swire",16,news-report
2019-09-05,BofAML's Latest Valuation Forecasts on Property Stocks (Table),16,news-report
2019-09-05,BofAML's Ratings & TPs on Real Estate Sector (Table),16,news-report
2019-09-05,BofAML: Extradition Bill Withdrawal Slightly Positive to Homebuyers; Bearish on Office Outlook,16,news-report
2019-09-05,UBS: Keeps Positive View on Residential Developers after Rally Yesterday ,16,news-report
2019-09-05,*UBS: Keeps Positive View on Residential Developers after Rally Yesterday ,16,news-report
2019-09-04,UBS's Latest Ratings & TPs on Real Estate Sector (Table),16,news-report
2019-09-04,"*UBS Bullish on Developers, Bearish on Landlords; TPs for Both Sectors Chopped ",16,news-report
2019-09-02,"JPM Cuts TPs on Developers, Landlords; Some Names Downgraded to Underweight",16,news-report
2019-08-20,"M Stanley Latest Ratings, TPs on HK Developers, Landlords (Table)",16,news-report
2019-08-20,M Stanley Downgrades HK Property Sector to Equalweight,16,news-report
2019-08-20,"*M Stanley Downgrades HK Property Sector to Equalweight; Cuts TPs on Developers, Landlords ",16,news-report
2019-08-19,*Citi: HK Home Prices Uptrend to Restore in 1-2 Mths if Protests Ease  ,16,news-report
2019-08-15,"BofAML's Ratings, TPs on Developers (Table)",16,news-report
2019-08-15,BofAML Foresees HK Property Price to Correct by 10% from Jun Peak; LINK REIT Upgraded to Buy,16,news-report
2019-08-13,"*M Stanley: HK 2H19 Home Prices, Retail Sales Risks Big; Should Avoid Related Stocks in Short Term ",16,news-report
2019-07-29,"HSBC Research Latest Ratings, TPs on Property Developers (Table)",16,news-report
2019-07-29,HSBC Research: Investors to Focus on Developers' Defensiveness; Upbeat on 5 Stocks Incl. SHK PPT,16,news-report
2019-07-29,*Daiwa: HK Developer Sell-off Offers Chance to Accumulate; Reaffirms Positive View on Sector,16,news-report
2019-07-29,*HSBC Research: Investors to Focus on Developers' Defensiveness; Upbeat on 5 Stocks Incl. SHK PPT ,16,news-report
2019-07-25,"BofAML's Latest Ratings, TPs on HK Developer-related Stocks (Table)",16,news-report
2019-07-25,BofAML: Seek Shelter amid Political Uncertainty; Developers Outshine Landlords,16,news-report
2019-07-25,*BofAML: Seek Shelter amid Political Uncertainty; Developers Outshine Landlords ,16,news-report
2019-07-24,"G Sachs Latest Ratings, TPs on Developers (Table)",16,news-report
2019-07-24,"G Sachs Sees HK Home Prices to Soften in 2H19, Upgrades CK ASSET (01113.HK) to Buy",16,news-report
2019-07-05,"BofAML Ratings, TPs on Property Developers (Table)",16,news-report
2019-06-21,M Stanley: Any Rate Cut in Future by Fed May Be Positive to HK Developers ,16,news-report
2019-06-21,*M Stanley: Any Rate Cut in Future by Fed May Be Positive to HK Developers ,16,news-report
2019-06-14,*M Stanley: Developers Battered by Near-term Weak Sentiment; Sees Entry Point,16,news-report
2019-06-13,M Stanley's Latest Ratings & TPs on HK Developers (Table),16,news-report
2019-06-13,"*M Stanley: Developers Exposed to Near-term Political Uncertainties, Trade War Impacts; Supports from US Rate Outlook, Supply",16,news-report
2019-06-10,BofAML Projects HK Home Mkt to Slightly Positive if US Cuts Rate; Developers Beat Landlords,16,news-report
2019-06-10,*BofAML Projects HK Home Mkt to Slightly Positive if US Cuts Rate; Developers Beat Landlords ,16,news-report
2019-05-22,JPM's Valuation & Div Yield Forecasts on Local Developers (Table),16,news-report
2019-05-22,"JPM's Latest Ratings, TPs on Local Developers (Table)",16,news-report
2019-05-22,"JPM Upgrades HLD, Kerry Ppt to Overweight; HK Home Prices to Climb 5% in 2H19",16,news-report
2019-04-29,M Stanley's Latest Ratings & TPs on HK Developers (Table),16,news-report
2019-04-29,M Stanley Estimates 2nd-hand Home Price Index to Rise 10% This Yr; Lifts TPs on Developers,16,news-report
2019-04-29,*M Stanley Estimates 2nd-hand Home Price Index to Rise 10% This Yr; Lifts TPs on Developers ,16,news-report
2019-04-24,"HSBC Research's Latest Ratings, TPs on Real Estate Sector (Table)",16,news-report
2019-04-24,"HSBC Research Sees HK 2019 Home Prices Up 10%; Lifts TPs on Developers, Landlords",16,news-report
2019-04-04,"HSBC Raises End-2019 HSI Target to 31,000; Recommends 5 Stocks Incl. BOC",16,news-report
2019-04-04,Citi Top 10 CN Picks (Table) ,16,news-report
2019-04-04,"Citi Sees CN Equity Earnings Growth to Expedite in 2H19; 10 Top-picks: Ping An, Sunac, Etc.",16,news-report
2019-04-02,Citi's Latest Ratings & TPs on HK Developers (Table),16,news-report
2019-04-02,"Citi Sees HK Developers to Embrace 2nd Round Re-rating; Top-pick SHKP, Henderson Land, New World",16,news-report
2019-04-02,"*Citi Sees HK Developers to Embrace 2nd Round Re-rating; Top-pick SHKP, Henderson Land, New World",16,news-report
2019-01-31,"HSBC Research Ratings, TPs on HK Developers (Table) ",16,news-report
2019-01-31,"HSBC: Upbeat on SHK PPT, SINO LAND as Home Mkt on Gradual Recovery",16,news-report
2019-01-21,"Nomura Latest Ratings, TPs on HK Developers (Table) ",16,news-report
2019-01-21,Nomura Projects HK Home Prices to Fall 7% This Yr ,16,news-report
2019-01-16,BofAML's Latest Ratings & TPs on HK Developers (Table),16,news-report
2019-01-16,BofAML Projects HK Home Prices to Hit Support in 2Q; HENDERSON LAND Upgraded to Buy ,16,news-report
2019-01-07,JPM's Latest Valuation Forecast on Developers (Table) ,16,news-report
2019-01-07,"JPM Latest Ratings, TPs on Local Developers (Table)",16,news-report
2019-01-07,"JPM Assumes HK Home Prices to Recover in 2Q, Flat for 2019; Recommends OW on 6 Stocks ",16,news-report
2019-01-03,Citi's Latest Valuation Forecast on Developers (Table),16,news-report
2019-01-03,"HSBC's Latest Ratings, TPs on HK Developers (Table)",16,news-report
2019-01-03,HSBC: Office Landlords Outstrip Retail Landlords; Top Pick SWIREPROPERTIES (01972.HK),16,news-report
2018-12-21,Macquarie Projects 10-15% Home Price Retreat until Mid-19; Recommends Profit-taking on Developers before Xmas,16,news-report
2018-12-21,*Macquarie Projects 10-15% Home Price Retreat until Mid-19; Recommends Profit-taking on Developers before Xmas,16,news-report
2018-11-26,"M Stanley Sees HK Home Prices to Correct Over 10%, Followed by 2H19 Recovery",16,news-report
2018-10-11,"Deutsche Sees HK Home Mkt Bearish; Developers amid Rate Hike, Trade War Uncertainties in Near Term",16,news-report
2018-10-11,"HSBC Expects Private Home Supply Shortage To Worsen; Bullish on SHK PPT, CKA, NWD",16,news-report
2018-10-11,"*Deutsche Sees HK Home Mkt Bearish; Developers amid Rate Hike, Trade War Uncertainties in Near Term ",16,news-report
2018-10-10,"Citi: Housing Initiatives in Policy Address Not Surprising; Expects Neutral to Mkt, Developers",16,news-report
2018-10-10,"*Citi: Housing Initiatives in Policy Address Not Surprising; Expects Neutral to Mkt, Developers ",16,news-report
2018-10-10,"M Stanley: Policy Address Focuses on Mid-term Home Supply, Positive to Developers",16,news-report
2018-10-08,BofAML's Latest Ratings & TPs on HK Developers (Table),16,news-report
2018-10-08,BofAML: Policy Address May Underpin Property Developers ,16,news-report
2018-10-08,*BofAML: Policy Address May Underpin Property Developers ,16,news-report
2018-09-26,Citi Foresees HK P-rates to Lift after US Hike This Week; HK Home Prices May Fall 7% in 2H ,16,news-report
2018-07-30,"Nomura: Upbeat on SWIREPROPERTIES, WHARF REIC, SHK, NWD for Developers' Interim Results",16,news-report
2018-07-30,Deutsche Adjusts TPs on HK Developers; Expects Interim Core Profit to Recede 13% YoY,16,news-report
2018-07-26,HSBC: HK Developers' Valuation Close to Historic Low; Recent Weakness Provides Good Entry Pt,16,news-report
2018-07-26,*HSBC: HK Developers' Valuation Close to Historic Low; Recent Weakness Provides Good Entry Pt ,16,news-report
2018-07-12,"Citi Latest Ratings, TPs on Developers (Table) ",16,news-report
2018-07-12,"Citi Expects HK Home Price to Drop 7% in 2H; Top Picks LINK REIT, SWIREPROPERTIES, WHARF REIC",16,news-report
2018-07-12,"*Citi Expects HK Home Price to Drop 7% in 2H; Top Picks LINK REIT, SWIREPROPERTIES, WHARF REIC ",16,news-report
2018-06-29,"JPM Foresees 5% Vacancy Tax to Pass on to Buyers, Limited Impact on Supply Increase",16,news-report
2018-06-26,"M Stanley Picks Defensive Stocks for PRC, HK Mkt under Bear Case (Table) ",16,news-report
2018-04-19,"M Stanley: HK Banks Not in Rush to Lift Best Lending Rates; Expects Near-term Stock, Housing Risks Limited ",16,news-report
2018-04-18,C Suisse: US-HK Rate Spread to Gradually Close; Developers See Headwinds from HIBOR Uptrend,16,news-report
2018-04-17,*C Suisse: Weak HKD Positive to Retail; Landlords Outperform Developers ,16,news-report
2018-04-11,"HSBC Research Latest Ratings, TPs on HK Developers (Table) ",16,news-report
2018-04-11,"HSBC: Holds Positive View on HK Developers; Upbeat on NEW WORLD DEV, SHK PPT, CK ASSET",16,news-report
2018-04-11,"*HSBC: Holds Positive View on HK Developers; Upbeat on NEW WORLD DEV, SHK PPT, CK ASSET ",16,news-report
2018-02-28,C Suisse: Budget Not Relax or Tighten HK Home Mkt; Supply Lift Remains Future Key,16,news-report
2018-02-28,*C Suisse: Budget Not Relax or Tighten HK Home Mkt; Supply Lift Remains Future Key ,16,news-report
2018-02-12,M Stanley Expects HK Home Price Up 5% in 1H; Down 5% in 2H ,16,news-report
2018-02-12,"M Stanley's Latest Investment Ratings, TPs for HK Real Estate Related Stocks (Table)",16,news-report
2018-02-12,*M Stanley Expects HK Home Price Up 5% in 1H; Down 5% in 2H,16,news-report
2018-01-16,M Stanley Latest Ratings & TPs of HK Developers (Table) ,16,news-report
2018-01-16,"M Stanley Expects Stable Home Prices in HK This Year; Downgrades LINK REIT, KERRY PPT",16,news-report
2018-01-16,"*M Stanley Expects Stable Home Prices in HK This Year; Downgrades LINK REIT, KERRY PPT ",16,news-report
2018-01-15,"Citi Latest Ratings & TPs on Developers, Composite Company Stocks (Table) ",16,news-report
2018-01-15,Citi Forecasts 10% Surge in HK Home Prices in 1H18; Bearish on Developers ,16,news-report
2018-01-15,*Citi Forecasts 10% Surge in HK Home Prices in 1H18; Bearish on Developers ,16,news-report
2018-01-09,C Suisse's Latest Ratings & TPs for HK Developers (Table) ,16,news-report
2018-01-09,"C Suisse Expects 2018 Home Prices to Rise Only 3%; Top Picks CK ASSET, NEW WORLD DEV",16,news-report
2018-01-09,"*C Suisse Expects 2018 Home Prices to Rise Only 3%; Top Picks CK ASSET, NEW WORLD DEV",16,news-report
2018-01-03,"HSBC Research Expects HK Home Prices to Stabilize This Year; Upbeat on NEW WORLD DEV, CK ASSET, SHK PPT",16,news-report
2017-10-11,"Nomura Expects Policy Address to Pose Moderate, Positive Impacts on Developers",16,news-report
2017-10-11,C Suisse: Farmland Conversion Not Covered in Policy Address; Expects Developers to under Pressure,16,news-report
2017-09-19,"Latest Ratings & TPs for UBS's Recommended, Unrecommended Picks (Table) ",16,news-report
2017-09-19,"UBS Lifts HSI End-2017 Target to 29,507; Favorites Include HSBC, AIA ",16,news-report
2017-09-07,Macquarie Expects Carrie Lam's Home Policy to Shift Focus to Supply in Next 5 Years; No Need 'Spicy' Measures if Worked,16,news-report
2017-07-19,Citi's Latest Ratings & TPs for HK Developers (Table) ,16,news-report
2017-07-19,Citi Expects HK Home Price to Drop 10% till Feb 2018; Developers to Underperform,16,news-report
2017-06-27,UBS: CN Developers' Active Land Bidding in HK Shakes HK Developers' Status,16,news-report
2017-06-20,"G Sachs Recommends CKH HOLDINGS, HSBC HOLDINGS, GEELY AUTO, CHINA LIFE for Asian Stocks",16,news-report
2017-05-29,C Suisse: Expects Limited Impact from Higher Mortgage Rate; May Mark Start of Rate Hike Cycle in HK,16,news-report
2017-05-22,"Citi: HK Home Prices May Be Peaked, Reiterating Forecast of 15% Fall; Recommends to Unload Developers",16,news-report
2017-05-22,G Sachs Expects Tighter Policy to Widen Developers' NAV Discount; Top Picks CK PROPERTY,16,news-report
2017-05-22,C Suisse: New Measures May Lead to 10% Fall in Home Mkt Deals; Keeps Underweight on Developers,16,news-report
2017-05-15,M Stanley Expects ROE for HK Developers to 'Drop Meaningfully',16,news-report
2017-05-15,"C Suisse: HKMA Tightens Credit; Small, Highly-geared Developers More Impacted",16,news-report
2017-05-04,JPM: Fed's Tapering to Be Main Cause for Home Mkt Correction; No Room for Sustainable Re-rating for Developers,16,news-report
2017-04-20,M Stanley's Latest Ratings & TPs for HK Developers (Table),16,news-report
2017-04-19,"BofAML Expects Home Prices to Stabilize This Year, to Fall 5%/10% for 2018/2019 ",16,news-report
2017-03-16,"M Stanley Expects 3 US Rate Hikes This Yr with Negative Impact on HK Home Prices, Developers",16,news-report
2017-03-03,M Stanley: US Rate Hike May Be Faster Than Expected; Higher Risks for HK Developers ,16,news-report
2017-02-23,M Stanley's Latest HK & China Stocks Focus List (Table),16,news-report
2017-02-20,"BofAML Positive about Financials, Casinos This Year; Top Picks BOC HK, GALAXY ENT, SHK PPT, CKH HOLDINGS, AIA",16,news-report
2017-02-13,Citi Latest Ratings & TPs on HK Developers (Table) ,16,news-report
2017-02-09,"C Suisse Expects Strong 1st Home Sales Will Not Lead to Policy Intervene; Upbeat on NEW WORLD DEV, SHK PPT",16,news-report
2017-02-03,"Macquarie: Top Picks for Property Developers SHK PPT, NEW WORLD DEV, LINK REIT ",16,news-report
2017-01-26,Macquarie Latest Ratings & TPs on HK Property Developers (Table) ,16,news-report
2017-01-26,Macquarie: HOPEWELL HOLD Results Reflect Eased Local Rent Growth; Hotel Biz Turns Stable,16,news-report
2017-01-19,M Stanley's Latest Ratings & TPs for HK Property Stocks (Table),16,news-report
2017-01-19,M Stanley Expects HK Home Prices to Fall 5% This Year; Lowers Ratings & TPs on Developers ,16,news-report
2017-01-13,BofAML Latest Ratings & TPs on HK Property Developers (Table) ,16,news-report
2017-01-13,BofAML Upgrades SHK PPT to Buy; Downgrades CK PROPERTY to Neutral,16,news-report
2017-01-12,C Suisse Latest Ratings & Target Prices of HK Developers (Table) ,16,news-report
2017-01-12,C Suisse Expects Home Prices This Year to Drop 10%; Should Pick Developers Selectively ,16,news-report
2017-01-03,Citi's Latest Ratings & TPs on HK Property Stocks (Table),16,news-report
2017-01-03,Citi Forecast on HK Home Mkt This Year (Table) ,16,news-report
2016-12-20,Macquarie's Latest Ratings & TPs for Local Developers (Table),16,news-report
2016-12-20,"Macquarie: HNA Group Seizes Another Kai Tak Land at High Price; CHINA OVERSEAS, K. WAH INT'L Key Beneficiaries",16,news-report
2016-12-16,Deutsche: HK to Enter Rate Hike Cycle Next Year; Expects Home Price to Fall 11%,16,news-report
2016-12-07,BofAML's Latest Rating & TPs for Local Developers (Table),16,news-report
2016-12-07,"BofAML Expects HK Home Price to Drop 20% in Next 3 Years; Top Picks SINO LAND, CK PROPERTY, LINK REIT",16,news-report
2016-12-06,C Suisse: HIBOR at 6-year High; HK Home Market Faces Larger Challenges,16,news-report
2016-11-29,Daiwa Keeps Positive View on Landlords,16,news-report
2016-11-29,M Stanley's Latest List for HK & PRC Focus Stocks (Table),16,news-report
2016-10-17,Deutsche: HK Property Developers Rebound Coming to End; Time to Take Profit,16,news-report
2016-10-14,"M Stanley's Latest Focus List for China, HK Stocks (Table)",16,news-report
2016-10-07,Macquarie's Latest Ratings & TPs for Developers (Table),16,news-report
2016-10-07,Macquarie: HK Mortgage Rates Cut Beneficial to Property Markets; Reiterates Positive View for Developers,16,news-report
2016-10-06,"M Stanley Latest PRC, HK Focus List (Table) ",16,news-report
2016-10-06,"M Stanley Lifts HSI Target to 23,000, HSCEI Target to 9,350",16,news-report
2021-02-25," SHK PPT: Overall Results Remain Stable amid Toughness; Seeking Investment Opportunities in HK, CN ",16,news-result
2021-02-25, *SHK PPT Interim Underlying Profit Up 30.2% to $17.482B; Interim Div Kept at $1.25  ,16,news-result
2021-02-25, <Bluechip Result>SHK PPT Interim Underlying Profit Up 30.2% to $17.482B; Interim Div Kept at $1.25 ,16,news-result
2020-09-10, <Blue Chip Results>SHK PPT Annual Underlying Profit Slips 9.4% to $29.368B; Final DPS $3.7 ,16,news-result
2020-09-10, *SHK PPT Annual Underlying Profit Slips 9.4% to $29.368B; Final DPS $3.7 ,16,news-result
2020-02-27, <Blue Chip Results>SHK PPT Interim Underlying Profit -2.3% YoY to $13.42B; Interim Div Kept at $1.25 ,16,news-result
2020-02-27, *SHK PPT Interim Underlying Profit -2.3% YoY to $13.42B; Interim Div Kept at $1.25  ,16,news-result
2019-09-12, <Blue Chip Results>SHK PPT 2018/19 Underlying Profit Climbs 6.6% to $32.4B; Final Div $3.7 ,16,news-result
2019-09-12, *SHK PPT Annual Underlying Profit Climbs 6.6% to $32.398B; Final Div $3.7 ,16,news-result
2019-02-27," <Blue Chip Results>SHK PPT (00016.HK) Interim Underlying Profit Falls 31.2% to $13.73B, DPS $1.25 ",16,news-result
2018-09-13, <Blue Chip Results>SHK PPT Annual Underlying Profit Up 17.1% to $30.398B; Final Div $3.45 ,16,news-result
2018-09-13, *SHK PPT Annual Underlying Profit Up 17% YoY to $30.398B In Line; Final Div $3.45  ,16,news-result
2018-02-27, SHK PPT HK Contracted Sales $26.5B in 1H  ,16,news-result
2018-02-27, SHK PPT Land Bank Sufficient at 5-6 Years  ,16,news-result
2018-02-27, <Blue Chip Results>SHK PPT Interim Underlying Profit Up 36.7% to $19.973B Above Estimates; Interim Div $1.2  ,16,news-result
2018-02-27, *SHK PPT Interim Underlying Profit Up 36.7% to $19.97B Above Estimates; Interim Div $1.2  ,16,news-result
2017-09-14," <Blue Chip Results>SHK PPT Full-year Underlying Profit Up 7.4% to $25.965B, Meeting Estimate; Final Div $3  ",16,news-result
2017-02-28, <Blue Chip Results>SHK PPT Interim Underlying Profit Grows 57.1% to $14.608B; Interim Div $1.1  ,16,news-result
2016-09-08, <Blue Chip Results>SHK PPT Annual Underlying Profit Rises 21.92% to $24.17B; Final Div $2.8 ,16,news-result
2016-02-26, <Blue Chip Results>SHK PPT Interim Underlying Profit Up 9.9% to $9.298B ,16,news-result
2016-02-26,"SHK PPT Half-Year Net Profit Falls 6.19%, Interim Div $1.05",16,news-result
2015-09-10,SHK PPT (00016.HK) Full-Year Net Profit Drops 7.3% to $31.08B; Final Div. $2.4,16,news-result
2015-02-27,SHK PPT (00016.HK) interim property sales profit down 59% ,16,news-result
2015-02-27,SHK PPT (00016.HK) interim underlying profit down >20% ,16,news-result
2014-11-14,G Sachs latest ratings & target prices for HK property stocks (Table),16,news-result
2014-09-12,SHK PPT (00016.HK) annual net profit down 16.88% ,16,news-result
2014-02-28,SHK PPT (00016.HK) interim underlying profit down 7.8%; div 95 cents,16,news-result
2013-09-12,SHK PPT (00016.HK) FY underlying profit down 14.1%; final div $2.4 ,16,news-result
2013-02-28,SHK PPT (00016.HK)'s core NP dips 1.9% in interim period ,16,news-result
2012-09-13,"SHK PPT (00016.HK)'s FY underlying NP up 1% to $21.7B, in line with estimate; final div equals $2.4",16,news-result
2012-02-28,SHK PPT (00016) land bank sizes 46.7M sq ft,16,news-result
2012-02-28,SHK PPT (00016)'s IR underlying pft gains 13% with div HK95 cents ,16,news-result
2011-09-15," SHK PPT (00016) underlying pft 21.5B, up 55%; final div $2.4",16,news-result
2021-03-02, SHK PPT (00016.HK) May Price Prince Central This Week ,16,news-indus
2021-03-02," Grand Victoria Phase I May Unveil 1st Price List Soon, Involving 1- to 3-bedroom Units ",16,news-indus
2021-03-02, MTR Seals Novation Deal with GREAT EAGLE H for Ho Man Tin Station Package One ,16,news-indus
2021-03-01," <Research Report>CICC's Forecast on HSI Constituent Adjustment, Potential Fund Flow (Table) ",16,news-indus
2021-03-01," <Research Report>CICC: AliHealth, Haidilao Turning Bluechips May Bring Passive Fund Inflow $1.5B, $980M ",16,news-indus
2021-03-01, <Weekend Home Mkt>Grande Monaco Launches 38 More Units on Vibrant Sales; 2nd-hand Deals Normalize Post-CNY ,16,news-indus
2021-02-27, <Result Ann>ART GROUP HOLD (00565.HK) Swings Into Interim Loss $218M ,16,news-indus
2021-02-27, CK ASSET (01113.HK)'s Horizon Hotels & Suites Gains Approval for Residency Redevelopment ,16,news-indus
2021-02-26," <Research Report>HSBC Research Raises SHK PPT (00016.HK) TP to $135.9, Rated Buy ",16,news-indus
2021-02-26, <Research Report>HSBC Global Research Hikes HYSAN DEV (00014.HK) TP to $36.3; Rated Buy ,16,news-indus
2021-02-26," *HSBC Research Raises SHK PPT (00016.HK) TP to $135.9, Rated Buy ",16,news-indus
2021-02-26, *HSBC Global Research Hikes HYSAN DEV (00014.HK) TP to $36.3; Rated Buy ,16,news-indus
2021-02-26," Brokers' Latest TPs, Views on SHK PPT (00016.HK) Post-2020 Result (Table) ",16,news-indus
2021-02-26, <Research Report>JPM Hikes HYSAN DEV (00014.HK) TP to $31.4; Rated Neutral ,16,news-indus
2021-02-26, <Research Report>JPM Elevates SHK PPT (00016.HK) TP to $141.7; Rated Overweight ,16,news-indus
2021-02-26, <Research Report>C Suisse Adds SHK PPT (00016.HK) TP to $156.6; Rated Outperform ,16,news-indus
2021-02-26, *JPM Elevates SHK PPT (00016.HK) TP to $141.7; Rated Overweight ,16,news-indus
2021-02-26, *JPM Hikes HYSAN DEV (00014.HK) TP to $31.4; Rated Neutral ,16,news-indus
2021-02-26, *C Suisse Adds SHK PPT (00016.HK) TP to $156.6; Rated Outperform ,16,news-indus
2021-02-25," SHK PPT: Overall Results Remain Stable amid Toughness; Seeking Investment Opportunities in HK, CN ",16,news-indus
2021-02-25,*SHK PPT Interim Underlying Profit Up 30.2% to $17.482B; Interim Div Kept at $1.25,16,news-indus
2021-02-25,SHK PPT Interim Underlying Profit Up 30.2% to $17.482B; Interim Div Kept at $1.25,16,news-indus
2021-02-25,STANCHART (02888.HK) CFO: Office Space To Trimmed by A Third Next 3-4 Yrs,16,news-indus
2021-02-25,HYSAN DEV (00014.HK) Swings Into FY20 Loss $2.547B; 2nd Interim DPS 117 Cents,16,news-indus
2021-02-25,"Li Ka-shing Recaptures Forbes' HK Richest Man Position, thanks to ZOOM Shr Rise",16,news-indus
2021-02-25,"HK Mkt Blown by Negatives, To Stay Volatile Near Term",16,news-indus
2021-02-25,"Li Ka-shing Plotting to Form SPAC, Mulling to Pool about US$400M by US Listing: Rumor",16,news-indus
2021-02-24,"M Stanley Sees SHK PPT Interim EPS +27% YoY, NWD's + 29%",16,news-indus
2021-02-24,"*M Stanley Sees SHK PPT (00016.HK) Interim EPS +27% YoY, NEW WORLD DEV (00017.HK)'s EPS + 29%",16,news-indus
2021-02-24,"WHARF HOLDINGS (00004.HK), SA SA INT'L (00178.HK) Boom 5-10% on Rumoured E-Coupon from Govt",16,news-indus
2021-02-22,"CKA Sues GOLDIN FIN HOLD's Pan Sutong, His Private Company",16,news-indus
2021-02-20,CHEUK NANG HOLD May Swing to 1H Loss $62.11M,16,news-indus
2021-02-20,INT'L ENT (01009.HK) May Swing to Interim Loss of Up to $95M,16,news-indus
2021-02-20,MULTIFIELD INTL: Annual PBT May Slip to Up to $30M,16,news-indus
2021-02-19,"G Sachs Raises CK ASSET (01113.HK) TP to $49, Kept Buy",16,news-indus
2021-02-19,"*G Sachs Raises CK ASSET (01113.HK) TP to $49, Kept Buy",16,news-indus
2021-02-19,"M Stanley's Latest Ratings, TPs on HK Landlords, REITs (Table)",16,news-indus
2021-02-19,"M Stanley Hikes WHARF REIC (01997.HK) TP to $50, Cuts FORTUNE REIT (00778.HK) TP to $7.3",16,news-indus
2021-02-19,"*M Stanley Hikes WHARF REIC (01997.HK) TP to $50, Cuts FORTUNE REIT (00778.HK) TP to $7.3",16,news-indus
2021-02-18,HANG LUNG PPT:  Beijing Give Blessing to Acquisition of US Consulate Property,16,news-indus
2021-02-18,"HSBC Research Raises CK ASSET (01113.HK) TP to $50.6, Rated Buy",16,news-indus
2021-02-18,"*HSBC Research Raises CK ASSET (01113.HK) TP to $50.6, Rated Buy",16,news-indus
2021-02-17,"CKA Wins Bid of Kai Tak Area 4E Site 2 at $10.28B, Price In Line",16,news-indus
2021-02-17,"*CKA Wins Bid of Kai Tak Area 4E Site 2 at $10.28B, Price In Line",16,news-indus
2021-02-16,"WHARF REIC, SA SA INT'L, BONJOUR HOLD Balloon Over 10%-31% with Subsiding Local Plague",16,news-indus
2021-02-16,"CKA's Super Luxury Suite '21 BORRETT ROAD' Sold at $136K/ Sq.ft., New High of Asian Apartments",16,news-indus
2021-02-16,CKA Justin Chiu Forecasts HK Home Mkt to Hail 5% Volatility This Yr,16,news-indus
2021-02-16,"33 New Home Deals during CNY Holiday, Most Vibrant in 8 Yrs",16,news-indus
2021-02-11,Kai Tak Area 4E Site 2 Gets At Least 5 Bids after Tender Closes,16,news-indus
2021-02-11,Kai Tak Area 4E Site 2 Gets At Least 5 Bids,16,news-indus
2021-02-11,Kai Tak Area 4E Site 2 Gets At Least 2 Bids; CKA among Suitors,16,news-indus
2021-02-10,MSCI To Move EMPEROR INT'L (00163.HK) from Small Cap Index to Micro Cap Index,16,news-indus
2021-02-10,*Daiwa Downgrades JOY CITY PPT (00207.HK) to Hold with TP Cut to $0.5,16,news-indus
2021-02-10,GREAT EAGLE H Mulls Buying Development Right of Project Atop Ho Man Tin Station,16,news-indus
2021-02-09,"Residential Site at Nos. 9, 11 Mansfield Rd, the Peak Awarded at $7.25B; Price/ Sq.ft. Hits New High",16,news-indus
2021-02-09,HK Hoteliers Call For Relaxed Dinnertime Dine-in Service Ban,16,news-indus
2021-02-05,SWIREPROPERTIES End-Dec Tenant Occupancy of Overall HK Office Drops to 96%,16,news-indus
2021-02-05,LandsD: 5 Bids for 2nd Residential Site on Mansfield Road,16,news-indus
2021-02-05,At Least 5 Bids for 2nd Residential Site on Mansfield Road,16,news-indus
2021-02-05,CK ASSET Bids for 2nd Residential Site on Mansfield Road,16,news-indus
2021-02-04,HANG LUNG PPT: STANCHART Still Biggest Tenant of Standard Chartered Bank Building,16,news-indus
2021-02-03,"M Stanley Lists Top 20 Stocks by Southbound Net Inflows in 2020, 2021 YTD (Table)",16,news-indus
2021-01-29,"Citi Raises HANG LUNG PPT (00101.HK) TP to $27, Rated Buy",16,news-indus
2021-01-29,"*Citi Raises HANG LUNG PPT (00101.HK) TP to $27, Rated Buy",16,news-indus
2021-01-29,M Stanley Adds HANG LUNG PPT (00101.HK) TP to $24.5; Rated Overweight,16,news-indus
2021-01-29,*M Stanley Adds HANG LUNG PPT (00101.HK) TP to $24.5; Rated Overweight,16,news-indus
2021-01-29,EB GRAND CHINA (03699.HK) Declares Spec. DPS 1.8 Cents,16,news-indus
2021-01-28,Hang Lung: HK Leasing Still Subdued This Yr; Hopes for Better 2H Landscape,16,news-indus
2021-01-28,"HANG LUNG PPT: Sanguine about Home Mkt Post Pandemic, Especially Luxury Property",16,news-indus
2021-01-28,HANG LUNG PPT Ronnie Chan: Sees Results Support from CN Rental Income in Coming Yr,16,news-indus
2021-01-28,Citi Keeps HANG LUNG PPT (00101.HK) at Buy on 2020 Rental Income Beat,16,news-indus
2021-01-28,*Citi: Keeps HANG LUNG PPT (00101.HK) at Buy on 2020 Rental Income Beat,16,news-indus
2021-01-28,HANG LUNG GROUP Annual Underlying NP Falls 25.3% to $2.83B; Final DPS $0.63,16,news-indus
2021-01-28,HANG LUNG PPT 2020 Underlying NP Sags 6.1% to $4.2B; Final DPS 59 Cents,16,news-indus
2021-01-28,*HANG LUNG PPT Swings Into FY20 Loss $2.571B; Underlying NP Sags 6.1% to $4.2B; Final DPS 59 Cents,16,news-indus
2021-01-27,JOY CITY PPT 2020 Contracted Sales Up 67.3% YoY to RMB20.12B,16,news-indus
2021-01-27,"RVD: HK Last Dec Property Price Index Sags 0.39% MoM, Down for 3rd Mth",16,news-indus
2021-01-26,"NWD: Bids for Wong Chuk Hang Station Project Phase 5 with Empire, CSI PROPERTIES, LAI SUN DEV",16,news-indus
2021-01-26,"MTR: Wong Chuk Hang Station Phase 5 Receives 6 Bids, Response Satisfying",16,news-indus
2021-01-26,"MTR's Wong Chuk Hang Station Project Phase 5 Gets At Least 6 Bids; CKA, K. WAH among Suitors",16,news-indus
2021-01-25,"CK ASSET (01113.HK)'s 'Seaside Sonata' Sells 695 Flats in Total, Cashes In Over $6.6B",16,news-indus
2021-01-25,JLL: Central's Grade A Office Vacancy Rate Tops 7% For 1st Time Since 2004,16,news-indus
2021-01-22,Swire's 'EIGHT STAR STREET' Offers 3 Featured Units; Guidance Price from $20.28M,16,news-indus
2021-01-21,"HSI Once Deepens Loss to Over 200 Pts, Yet HSBC Hikes Over 2%",16,news-indus
2021-01-20,"Meituan, JD, ESR, Blackstone Vying for CNLP (01589.HK)'s Controlling Stake for $15.5B: Wire",16,news-indus
2021-01-18,299 New Home Deals at Weekend; Wheelock Properties' MONACO Sells out 145 Flats in 1st Log,16,news-indus
2021-01-16,"WENLING MCT (01379.HK) Stabilisation Period Ends, Over-allotment Option Lapses",16,news-indus
2021-01-13,"Industrial Site at On Lok Mun St., Fanling Awarded at $813M, In Line with Consensus",16,news-indus
2021-01-13,Sophia Chan: Weighs Early Shutdown of Malls; May Ask Reopened Premises to Ensure 'Leave Home Safe' Installation,16,news-indus
2021-01-12,"HSI Widens Gain to Over 200 Pts, Nearly 1-Yr High, Led by Xiaomi, Anta, CN Insurers, Telcos",16,news-indus
2021-01-08,"UBS' Latest Ratings, TPs on Developers, Landlords (Table)",16,news-indus
2021-01-08,UBS: Cautious on Property Developers; Turns Positive on Commercial Property,16,news-indus
2021-01-08,*UBS: Cautious on Property Developers; Turns Positive on Commercial Property,16,news-indus
2021-01-06,CN Property Developers' Financing May Hail Relaxed Scope in Trial Areas: Rumor,16,news-indus
2021-01-05,"JPM's Latest Ratings & TPs on HK Developers, Landlords (Table)",16,news-indus
2021-01-05,"JPM Tweaks TPs on Developers, Landlords; Bullish on SHK, Sino, CKA, Swire Properties",16,news-indus
2021-01-05,"BofAS' Latest Ratings, TPs on Developers (Table)",16,news-indus
2021-01-05,"BofAS Upgrades WHARF HOLDINGS (00004.HK) to Buy, HENDERSON LAND (00012.HK) to Neutral",16,news-indus
2021-01-05,"*JPM Tweaks TPs on Developers, Landlords; Bullish on SHK, Sino, CKA, Swire Properties",16,news-indus
2021-01-04,"CK ASSET '21 BORRETT ROAD' Uploads Sales Brochure, To Debut Soon",16,news-indus
2021-01-04,70 New Flat Deals in Last 3 Days; Secondary Mkt Mood High,16,news-indus
2020-12-31,"JPM, Nomura's HK Stock Top Picks",16,news-indus
2020-12-31,JPM: HANG LUNG PPT Can't Buy Property at Shouson Hill Rd As Scheduled; Minimal Impact on Near-term Profit Outlook,16,news-indus
2020-12-31,*JPM: HANG LUNG PPT Can't Buy Property at Shouson Hill Rd As Scheduled; Minimal Impact on Near-term Profit Outlook,16,news-indus
2020-12-30,"Gaw Capital, Consortium Partners Wrap up Acquisition of CityPlaza One; MANULIFE To Join as Biggest Single Investor",16,news-indus
2020-12-30,SWIREPROPERTIES (01972.HK) Finishes Selling Cityplaza One Property,16,news-indus
2020-12-30,HANG LUNG PPT: Can't Complete Property Acquisition at No.37 Shouson Hill Road As Scheduled,16,news-indus
2020-12-29,"WENLING MCT (01379.HK) Closes at $6.19 in Grey Mkt, Down 1% vs Listing Price",16,news-indus
2020-12-29,WENLING MCT (01379.HK) Opens Up 2.2% to $6.39 in Grey Mkt,16,news-indus
2020-12-29,Citi Adds HANG LUNG PPT (00101.HK) TP to $26.1; Rated Buy,16,news-indus
2020-12-29,Citi Axes SHK PPT (00016.HK) TP to $132; Rated Buy,16,news-indus
2020-12-29,*Citi Adds HANG LUNG PPT (00101.HK) TP to $26.1; Rated Buy,16,news-indus
2020-12-29,*Citi Axes SHK PPT (00016.HK) TP to $132; Rated Buy,16,news-indus
2020-12-29,*Citi Ramps up HYSAN DEV (00014.HK) TP to $33.2; Rated Buy,16,news-indus
2020-12-29,Citi Adds CK ASSET (01113.HK) TP to $34.5; Rated Sell,16,news-indus
2020-12-29,*Citi Adds CK ASSET (01113.HK) TP to $34.5; Rated Sell,16,news-indus
2020-12-29,"WENLING MCT (01379.HK) Priced at Bottom End $6.25, One-lot Success Rate 20%",16,news-indus
2020-12-28,About 60 New Home Deals Nailed during Xmas Holidays; 2nd-hand Sales Rosy,16,news-indus
2020-12-24,Li Ka Shing Foundation Adds 776.5K CK ASSET (01113.HK) Shrs,16,news-indus
2020-12-22,CK ASSET: EOI Submitted for Wong Chuk Hang Station Phase 5 Project,16,news-indus
2020-12-22,MTR: 37 EOIs for Wong Chuk Hang Station Phase 5 Project,16,news-indus
2020-12-22,HSI Widens Slide to Over 300 Pts; Wharf REIC/ CKH/ Casinos/ Geely Slip 3%-5%,16,news-indus
2020-12-22,MTR: At Least 8 EOIs for Wong Chuk Hang Station Phase 5 Project,16,news-indus
2020-12-21,"HSI Reclaims 26,300; Banks Under Hefty Sales; Yet Xiaomi, Wuxi Bio Spike Over 4%",16,news-indus
2020-12-21,"M Stanley's Latest CN, HK Focus List (Table)",16,news-indus
2020-12-18,"SWIREPROPERTIES (01972.HK), SINO-OCEAN GP (03377.HK) Team Up on RMB23B Indigo Beijing Expansion (Phase 2)",16,news-indus
2020-12-18,Mansfield Road Site Receives At Least 7 Bids,16,news-indus
2020-12-18,"Mansfield Road Site Receives 3 Bids For Now, Incl. CK ASSET (01113.HK)'s",16,news-indus
2020-12-18,"UBS: MSCI HK Index End-21E Target 12,300",16,news-indus
2020-12-18,"*UBS: MSCI HK Index End-21E Target 12,300",16,news-indus
2020-12-18,PlanD Not Oppose CK ASSET (01113.HK)'s Application to Redevelop Tin Shui Wai Hotel as Homes,16,news-indus
2020-12-14,SWIRE PACIFIC A To Appoint Martin James Murray as Finance Director from Apr 2021,16,news-indus
2020-12-14,"Li Ka-shing, Victor Li Add CKA Stake, Involving 620K Shrs",16,news-indus
2020-12-11,"M Stanley's Ratings, TPs on HK Developers, Landlords (Table)",16,news-indus
2020-12-11,"M Stanley: 2021E HK Home Prices to Climb 2%; Tweaks Developer, Landlord TPs",16,news-indus
2020-12-11,"*M Stanley: 2021E HK Home Prices to Climb 2%; Tweaks Developer, Landlord TPs",16,news-indus
2020-12-11,"WENLING MCT (01379.HK) Starts IPO Today, Entry Fee $3,409",16,news-indus
2020-12-09,"HSI Extends Rally to Over 350 Pts, Recovers 10 MA",16,news-indus
2020-12-08,"*DBS Ousts CNOOC (00883.HK) from Top-picks, Upbeat on CN Developers, Autos, CN Insurers, CN Staples, Etc.",16,news-indus
2020-12-07,"6 Key Homebuilders Have 5,011 Leftover Units till Oct: Centaline",16,news-indus
2020-12-04,MELBOURNE ENT: Annual Loss May Expand to $1.18B,16,news-indus
2020-12-03,"M Stanley Latest Ratings, TPs on HK Landlords, REITs (Table)",16,news-indus
2020-12-03,"M Stanley Upgrades LINK REIT, WHARF REIC to OW; Sees 2021E HK Retail Growth 10%",16,news-indus
2020-12-01,"HSI Upswing Wilder to Over 300 Pts, Led by TENCENT, CCB, ICBC, Insurers",16,news-indus
2020-11-30,HSI Steepens Slide to Over 300 Pts After Midday; CNOOC Dives 11% on Purported US Ban,16,news-indus
2020-11-28,"TIAN TECK LAND (00266.HK) Interim Loss Deepens to $316M, Interim DPS 10 Cents",16,news-indus
2020-11-28,"ASSO INT HOTELS (00105.HK) Interim Loss Deepens to $636M, Interim DPS 25 Cents",16,news-indus
2020-11-28,"WINFAIR INV (00287.HK) Interim Loss Narrows to $24.07M, Interim+Spec. DPS 5 Cents",16,news-indus
2020-11-27,Lands Department: 10 Bids for Kai Tak Area 4E Site 1,16,news-indus
2020-11-27,Kai Tak Area 4E Site 1 Receives At Least 9 Bids,16,news-indus
2020-11-27,Kai Tak Area 4E Site 1 Receives 4 Bids For Now,16,news-indus
2020-11-26,Daiwa: Govt Abolishes Doubled Stamp Duty on Non-residential Homes; Commercial Property Vibrancy May Boost Econ,16,news-indus
2020-11-26,"Citi: Policy Address Neutral to HK Home Mkt, Developers; Home Prices Stable in Near Term",16,news-indus
2020-11-26,"EMPEROR INT'L (00163.HK) Interim Loss Deepens to $990M, DPS 1.2 Cents",16,news-indus
2020-11-25,Carrie Lam: To Abolish Doubled Ad Valorem Stamp Duty on Non-residential Home Deals from Tmr; No Plan To Tweak the Same on Residential Ones,16,news-indus
2020-11-25,"HSI Widens Gain, Once Nearing 27,000 Led by Financials, Traditional Developers, Oils",16,news-indus
2020-11-25,"Liu He: Homes Meant for Residency, Not Speculation",16,news-indus
2020-11-20,HANG LUNG PPT's Shanghai Landmark 'Grand Gateway 66' Completes Asset Enhancement,16,news-indus
2020-11-19,SWIREPROPERTIES 'Eight Star Street' May Put on Tender at End-Nov Soonest,16,news-indus
2020-11-19,SHK PPT Unveils 5th Price List for Cullinan West III; Discounted Entry Fee $6.8096M,16,news-indus
2020-11-19,BofAS Upgrades SOHO CHINA (00410.HK) to Buy with TP Added to $3.2,16,news-indus
2020-11-19,*BofAS Upgrades SOHO CHINA (00410.HK) to Buy with TP Added to $3.2,16,news-indus
2020-11-18,"HSI Once Widens Gain to Over 200 Pts, Led by Insurers/ Handsets/ CN Developers/ Landlords/ Geely",16,news-indus
2020-11-18,BofAS Upgrades SWIRE PACIFIC A (00019.HK) to Buy with TP Added to $60,16,news-indus
2020-11-16,M Stanley's Latest CN/HK Mkt Focus List (Table),16,news-indus
2020-11-16,450 New Home Deals at Weekend; 'The Pavilia Farm II' 2nd Log Sold Out in 9 Hours,16,news-indus
2020-11-16,*JPM: HSI Constituents Change; Expects US$1.64B Passive Funds Inflow to MEITUAN-W,16,news-indus
2020-11-14,"CENTURION CORP 3Q20 Revenue SGD29.43M, Down 11%",16,news-indus
2020-11-13,HKD1.8B Southbound Trading Net Inflow to TENCENT,16,news-indus
2020-11-13,Hillhouse Capital's Rumored Privatization of SOHO CHINA Untrue: Insider,16,news-indus
2020-11-13,SOHO CHINA Shr Once Jumps 40% on Hillhouse Capital's Reported Privatization Talks,16,news-indus
2020-11-11,JPM's APAC ESG Top Ideas (Table),16,news-indus
2020-11-11,HSNP Climbs Over 3%; CR Land Jumps 8%; CKA/ Link REIT Top 100MA/ 250MA,16,news-indus
2020-11-11,"MSCI China Small Cap Index To Add 36 Shrs, Remove 18",16,news-indus
2020-11-11,"*M Stanley: Prefer Landlords with Div Growth Outlook; SWIREPROPERTIES Beats WHARF REIC, LINK REIT",16,news-indus
2020-11-11,"MSCI China Index to Add 56 Stocks, Minus 49 Stocks after Half-Yr Review",16,news-indus
2020-11-10,"HSNP Catches Up 4.3%; LINK REIT, WHARF REIC Spike 7.5%, 10%",16,news-indus
2020-11-10,SWIREPROPERTIES: Selling Cityplaza One Property Matches Long-term Biz Strategy,16,news-indus
2020-11-10,"Gaw Capital Partners, Consortium Partners Buy CityPlaza One at Over $9.8B",16,news-indus
2020-11-10,SWIREPROPERTIES (01972.HK) Sells Cityplaza One Property for $9.845B Consideration,16,news-indus
2020-11-06,*UBS Initiates CNLP (01589.HK) at Neutral with TP $4.4,16,news-indus
2020-11-05,SHK PPT (00016.HK)'s 195 Prince Edward Road West Project Greenlighted in Oct for Pre-sale,16,news-indus
2020-11-03,Morningstar: Asian Bourses to Cheered in Near Term If Joe Biden Wins,16,news-indus
2020-11-03,"Moody's: HK Developers Can Weather Rental Income Slide, Credit Ratings Largely Kept Unchanged",16,news-indus
2020-11-03,"HSI Widens Gain to Over 400 Pts, Led by AIA/ China Life/ Handsets & Banks",16,news-indus
2020-11-02,"HSI Widens Gain to Over 300 Pts, Surpassing 24,400, Led by Banks, Tencent/ China Mobile",16,news-indus
2020-11-02,New Home Deals Surge to 390 at Weekend; 2nd-hand Deals Sluggish,16,news-indus
2020-10-30,"G Sachs' Latest Ratings, TPs on HK Developers (Table)",16,news-indus
2020-10-30,"G Sachs Upgrades SHK, HLP to Buy; Downgrades HLD, WHARF REIC to Neutral",16,news-indus
2020-10-30,"*G Sachs Upgrades SHK, HANG LUNG PPT to Buy; Downgrades HLD, WHARF REIC to Neutral",16,news-indus
2020-10-28,"LU HK Strikes Strategic Cooperation with ZA Bank, Showers iBond Subscription Offer",16,news-indus
2020-10-28,"SWIREPROPERTIES, SWIRE PACIFIC A to Resume Shr Trading PM on Talks to Sell Cityplaza One",16,news-indus
2020-10-28,"Consortium In Talks to Buy SWIREPROPERTIES' Cityplaza One, Involving $10B: Rumor",16,news-indus
2020-10-25,LAI SUN INT'L (00191.HK) Swings to Annual Loss $1.966B,16,news-indus
2020-10-24,"ASSO INT HOTELS, TIAN TECK LAND Forewarn of Wider Interim Loss at Over $600M",16,news-indus
2020-10-22,M Stanley's Latest China/HK Focus List (Table),16,news-indus
2020-10-17,ASIA ORIENT (00214.HK) Buys US$3M EVERGRANDE (03333.HK) Notes,16,news-indus
2020-10-15,"Daiwa's Ratings, TPs on HK Developers (Table)",16,news-indus
2020-10-12,"HKCIEGU Proposes Salary Freeze for 15 Fields as Jobless Rate Hits 27.8%, Way Above Official Data",16,news-indus
2020-10-07,CBRE Sees Grade A Office Rents to Slump Up to 20% in FY20,16,news-indus
2020-10-07,"HSI Once Hikes Over 200 Pts, Backed by Techs, AIA, Traditional Banks",16,news-indus
2020-10-07,Asia Standard Series of Co. Buy EVERGRANDE (03333.HK) Notes at $288M,16,news-indus
2020-10-06,Asia Standard Series of Co. Buy EVERGRANDE (03333.HK) Notes at Over $300M,16,news-indus
2020-10-05,Savills: HK Retail Mkt Recovering from End-3Q20; Shopping Mall Rents Remain Stable,16,news-indus
2020-10-04,ART GROUP HOLD (00565.HK) Swings to Annual Loss $30.66M,16,news-indus
2020-09-29,"Asia Standard, Asia STD Hotel Buy Evergrande Notes at $230M",16,news-indus
2020-09-24,"LandsD Unveils 2nd Highest Tender Amt for Ho Chung's Site at $469M, 11.86% Below Bid-winning Price",16,news-indus
2020-09-24,"BofAS' Latest TPs, Ratings on HK Developers (Table)",16,news-indus
2020-09-24,"*BofAS: HK 2021E Home Prices Flattish, Developers' Fundamentals Better; Top-picks SHKP, NWD, Link REIT",16,news-indus
2020-09-24,MTR Receives 35 EOIs for Lohas Park Phase 13,16,news-indus
2020-09-24,MTR Receives At Least 16 EOIs for Lohas Park Phase 13,16,news-indus
2020-09-24,MTR Receives 14 EOIs So Far for Lohas Park Phase 13,16,news-indus
2020-09-24,"CK ASSET Clarifies: Hutchison Whampoa Properties (Chengdu) Sold, Not Subsidiary",16,news-indus
2020-09-22,"HSI Dives 240 Pts after Midday, Once Missing 23,700; Galaxy, Geely Plunge Over 4%",16,news-indus
2020-09-19,INT'L ENT Granted Provisional Gambling License by Philippines' PAGCOR,16,news-indus
2020-09-18,"CK ASSET, Li Ka-shing Add Stake in HUI XIAN REIT",16,news-indus
2020-09-17,"HSI Deepens Slide to Over 450 Pts, Missing 24,300; WuXi Bio, Xiaomi Dive 5.5-6%; HSBC Slips Over 2%",16,news-indus
2020-09-16,"HSBC Research's Latest Ratings, TPs on Local Developers (Table)",16,news-indus
2020-09-16,"M Stanley: China's Luxury Retail Sales Growth Expedites; Upbeat on Macau Casinos, CN Retailers, Developers",16,news-indus
2020-09-16,"HSBC Global Research Expects Mild Recovery for 2H20 Property Mkt; Recommends SHK, NWD, SINO",16,news-indus
2020-09-14,JLL: HK Logistics Facilities' Vacancy Rate to Rise to Over 3% by End-2020E,16,news-indus
2020-09-11,"HANG LUNG GROUP, HANG LUNG PPT Name Adriel Chan as Vice Chair",16,news-indus
2020-09-10,SHK PPT Annual Underlying Profit Slips 9.4% to $29.368B; Final DPS $3.7,16,news-indus
2020-09-10,*SHK PPT Annual Underlying Profit Slips 9.4% to $29.368B; Final DPS $3.7,16,news-indus
2020-09-09,GOLDIN FIN HOLD: Enters into Facility Agreement Led by CK ASSET,16,news-indus
2020-09-07,EASYKNIT INT'L (01218.HK) Boosts Stakes in EMINENCE ENT (00616.HK) to 29.6% in $16.026M Deal,16,news-indus
2020-09-07,*Daiwa Trims JOY CITY PPT (00207.HK) TP to $0.8; Rated Buy,16,news-indus
2020-09-04,"GOLDIN FIN HOLD (00530.HK) Soars 36% after Securing Financing, Selling Factoring Biz",16,news-indus
2020-09-04,"GOLDIN FIN HOLD Secures $8.7B Financing with CKA's Aid, Sells Goldin Factoring; Trading To Resume PM",16,news-indus
2020-09-03,*G Sachs Chops JOY CITY PPT (00207.HK) TP to $0.63; Rated Neutral,16,news-indus
2020-09-03,I.T (00999.HK) Faces 24 Rental Arrear Lawsuits Since May: Report,16,news-indus
2020-09-02,CK ASSET Declines to Comment on Rumored Restructuring Deals with GOLDIN FIN HOLD,16,news-indus
2020-08-28,"JOY CITY PPT (00207.HK) Interim Net Profit RMB115M, Down 86.9%",16,news-indus
2020-08-28,"HSI Extends Rally to Over 450 Pts, Mengniu Booms 13%",16,news-indus
2020-08-27,GREAT EAGLE H (00041.HK) Swings into Interim Loss of $6.513B; Interim + Spec Div $1.83,16,news-indus
2020-08-27,HSI Once Dives Over 300 Pts; HSBC/ China Mobile/ Mengniu/ China Unicom Slip About 2-4.5%,16,news-indus
2020-08-26,"TST PROPERTIES Full-Yr Net Profit $902M, Down 75.7%; Final Div Kept at 41 Cents",16,news-indus
2020-08-26,"Ant Group's Prospectus Discloses Investor List, Incl. CKH Series of Co., Tung Chee-hwa's Family",16,news-indus
2020-08-24,"210 New Home Deals at Weekend, Up 5.2x as Seacoast Royale Nearly Sold Out",16,news-indus
2020-08-21,LandsD: 22 Tender Proposals Received for Residential Plot at Ho Chung of Sai Kung,16,news-indus
2020-08-21,"Sai Kung Residential Site Closes Tender At Noon, Receives At Least 16 Bids",16,news-indus
2020-08-21,"SOHO CHINA (00410.HK) Interim Net Profit RMB204M, Down 63.9%",16,news-indus
2020-08-20,HSI Deepens Decline to Over 500 Pts on Financials; AIA Erodes 3.7%,16,news-indus
2020-08-18,"Carrie Lam: To Talk with Big Property Owners In Person, Urge to Cut Rent, Mgmt Fee",16,news-indus
2020-08-14,"SOHO CHINA: Potential Strategic Cooperation, General Offer Terminated",16,news-indus
2020-08-13,"CICC: HSI Inclusion of Baba, Meituan Very Probable; Shenhua, Swire, Sino May Kicked Out",16,news-indus
2020-08-13,"SWIREPROPERTIES (01972.HK) Interim Profit Plunges 89% to $1.029B, 1st Interim DPS $0.3",16,news-indus
2020-08-13,CK ASSET Offers GOLDIN FIN HOLD with Bridging Loan for Latter's Refinancing: Sources,16,news-indus
2020-08-12,"HSI Regains Over 350 Pts, Led by Insurers, Banks, Landlords",16,news-indus
2020-08-10,HYSAN DEV (00014.HK) Interim Underlying Profit Sags 3.4% to $1.346B; DPS 27 Cents,16,news-indus
2020-08-10,HSI Finds Relatively Critical Support at 100MA,16,news-indus
2020-08-06,"CKA Victor Li: Eyeing on Takeover Chances; Home Mkt Demand Rigid, Large Flat Sales Satisfactory",16,news-indus
2020-08-06,CKA Interim NP Sinks 58% to $6.36B; Div Cut to 34 Cents,16,news-indus
2020-08-06,*CKA Interim NP Sinks 58% to $6.36B; Div Cut to 34 Cents,16,news-indus
2020-08-04,"HSI Extends Rally to Over 500 Pts, Once Topping 25,000; Tencent/ AIA/ CN Financials Jump 2-5%",16,news-indus
2020-08-03,ORVIBO Plans Listing on SSE STAR Mkt: Report,16,news-indus
2020-07-31,"HSI Curbed at 25,000, Missing 50 MA; HSBC, AIA Contributors",16,news-indus
2020-07-30,"WHARF REIC Interim Underlying NP Sags 26% to $3.84B, DPS $0.78",16,news-indus
2020-07-30,"*WHARF REIC Interim Underlying NP Sags 26% to $3.84B, DPS $0.78",16,news-indus
2020-07-30,HANG LUNG PPT: CN Mkt Normalized; HK Operating Environment Stressed,16,news-indus
2020-07-30,HANG LUNG PPT: HK Mkt Hardly Comprehensible; Keeps Looking for Golden Opportunity,16,news-indus
2020-07-30,"HSI Retreats Over 100 Pts, Led by Insurers, CN Banks, Tencent",16,news-indus
2020-07-30,*HANG LUNG PPT 1H20 Swings to $2.54B Net Loss; Underlying NP Falls 10.8% to $1.99B; Interim DPS Kept at $0.17,16,news-indus
2020-07-30,HANG LUNG GROUP (00010.HK) Swings into Interim Loss $1.595B; DPS $0.19,16,news-indus
2020-07-30,HANG LUNG PPT 1H20 Swings to $2.54B Net Loss; Underlying NP Falls 10.8% to $1.99B; Interim DPS Kept at 17 Cents,16,news-indus
2020-07-30,"HSI Extends Rally to Nearly 300 Pts, Nearing 25,200, Led by Traditional Banks, Developers",16,news-indus
2020-07-29,"Vanke Property (HK), CNQC Win Residential Land at Ma Wo Rd at $3.7B, In Line",16,news-indus
2020-07-28,"HKRMA Urges to Halt Upset Rents for 1 Yr, Stop Legal Action to Retrieve Shops",16,news-indus
2020-07-24,"Lands Dept: 13 Bids for Residential Site at Ma Wo Rd, Tai Po",16,news-indus
2020-07-24,"HSI Steepens Slide to Over 600 Pts; Tencent, Sino Biopharm Slump 5%, 8%",16,news-indus
2020-07-24,"Tender for Residential Site at Ma Wo Road, Tai Po Closed At Noon; 13 Tenders At Least",16,news-indus
2020-07-24,"HSI Deepens Loss to 440 Pts, Testing 24,800; China Life/HKEX/Tencent/Wharf REIC/Sino Biopharm Dive 3-6%",16,news-indus
2020-07-23,Wharf Group of Co. Slips Over 4-6%; Sophia Chan Not Rule Out Shutting Malls,16,news-indus
2020-07-23,"CK ASSET (01113.HK): Looking At GOLDIN FIN HOLD (00530.HK)'s Financial, Debt Position",16,news-indus
2020-07-21,"HSI Once Jumps Over 500 Pts, Led by Tencent, HKEX",16,news-indus
2020-07-21,PwC Moves Down HK FY20E Retail Sales to 19.7% Slide,16,news-indus
2020-07-21,"Techs Unrivalled, Heavy Machinery Suppliers Subject to Upsides",16,news-indus
2020-07-20,"HSI Once Dives Over 300 Pts, Galaxy/ Swire Pacific A/ Wharf Reic/ AAC Tech/ Geely Slip 3%-4.5%",16,news-indus
2020-07-19,TESSON HOLDINGS 2019 Audited Loss $104M,16,news-indus
2020-07-17,GREAT EAGLE H (00041.HK) Mulls Subscribing Nearly 1B LANGHAM-SS (01270.HK) Rights Shrs,16,news-indus
2020-07-16,HKC (HOLDINGS) (00190.HK) Buys 2.4635M CK ASSET Shrs at $120M,16,news-indus
2020-07-15,JLL Sees Prime Street Shop Rents to Dive 35-40% This Yr; Grade A Offices' Down 20-25%,16,news-indus
2020-07-14,Gathering Ban Ceiling Tightened to 4 Pax Again; Takeaway Only at 18:00-05:00 for Eateries,16,news-indus
2020-07-13,Almost 250 New Homes Dealt at Weekend; 2nd-hand Sales Yet Rise,16,news-indus
2020-07-10,"US Bourses Head South Despite Robust Techs; 'Seeking New Econ, Shunning Old Econ' New Norm in HK",16,news-indus
2020-07-08,"HSI Dragged by Traditional Banks, Developers, Landlords; Tencent Peaks at Record $545.5",16,news-indus
2020-07-07,"HSI Deepens Loss to Nearly 400 Pts, Missing 250 MA; Traditional Banks, Developers Slip Over 2-5.5%",16,news-indus
2020-07-03,9 Bids Received for Fo Tan Industrial Site,16,news-indus
2020-07-03,"HSBC Research's Ratings, TPs on HK Developers (Table)",16,news-indus
2020-07-03,"At Least 7 Bids for Sha Tin Industrial Lot Received from CKA, Chinese Estates, etc.",16,news-indus
2020-07-02,"Citi's Ratings, TPs on CN Developers (Table)",16,news-indus
2020-07-02,"Citi: CN Developer Jun Sales Set New High; Shimao, Logan Among 7 Top-picks",16,news-indus
2020-07-02,"HSBC Research: Upbeat on Developers, Insurers, Internet, Telcos, Some Utilities; Cautious on Banks",16,news-indus
2020-07-02,"*HSBC Research: Upbeat on Developers, Insurers, Internet, Telcos, Some Utilities; Cautious on Banks",16,news-indus
2020-06-30,"M Stanley, G Sachs Top Picks (Part 1)",16,news-indus
2020-06-29,HSI Deepens Loss to Over 300 Pts; AIA/ China Mobile/ Geely/ Swire Pacific A Slip Nearly 3-5%,16,news-indus
2020-06-28,"ASIA ORIENT (00214.HK) Annual NP $554M, Down 32%; Nil Div",16,news-indus
2020-06-27,HYSAN DEV Sees Interim Loss on $4B Investment Property Revaluation Loss,16,news-indus
2020-06-24,LegCo Ends 1st-hand Home Vacancy Tax Bill Vetting,16,news-indus
2020-06-24,"EMPEROR INT'L (00163.HK) Annual Underlying Profit Falls 43.7% to $842M, Final DPS 3.5 Cents",16,news-indus
