2021-02-03,15 Biggest Companies That Originated In Silicon Valley
2021-02-02,Why Agilent (A) is Poised to Beat Earnings Estimates Again
2021-02-01,Agilent Wins Trade Secret and Patent Infringement Litigation
2021-01-26,Agilent to Webcast First-Quarter Fiscal Year 2021 Financial Results Presentation
2021-01-25,Agilent Announces Enhanced Mass Spectrometry and Automation Software Solutions to Support Regulatory Compliance Guidelines
2021-01-24,"What You Need To Know About Agilent Technologies, Inc.'s (NYSE:A) Investor Composition"
2021-02-03,15 Biggest Companies That Originated In Silicon Valley
2021-02-02,Why Agilent (A) is Poised to Beat Earnings Estimates Again
2021-02-01,Agilent Wins Trade Secret and Patent Infringement Litigation
2021-01-26,Agilent to Webcast First-Quarter Fiscal Year 2021 Financial Results Presentation
2021-01-25,Agilent Announces Enhanced Mass Spectrometry and Automation Software Solutions to Support Regulatory Compliance Guidelines
2021-01-24,"What You Need To Know About Agilent Technologies, Inc.'s (NYSE:A) Investor Composition"
2021-01-15,Agilent Names Allison Ballmer Senior Vice President of Strategy and Corporate Development
2020-12-23,Why Is Agilent (A) Up 2.4% Since Last Earnings Report?
2020-12-22,Agilent Receives Approval for GenetiSure Dx Postnatal Assay in Japan
2020-12-21,Is Agilent A Good Stock To Buy Now?
2020-12-20,"Is Agilent Technologies, Inc.'s (NYSE:A) Stock's Recent Performance Being Led By Its Attractive Financial Prospects?"
2020-12-16,Agilent Announces Webcasts for Investment Community
2020-12-14,Agilent Receives Multiple Innovation Awards
2020-12-11,Agilent Releases 2019 Corporate Social Responsibility Report
2020-12-07,Agilent Presents Thought Leader Award to IIT Delhi Scientist Professor Anurag Rathore
2020-12-06,"Disney, Salesforce, Costco, Chewy, and Other Stocks for Investors to Watch This Week"
2020-12-03,Agilent Announces Alissa Interpret Selected by North West Genomic Laboratory Hub for Clinical Genomic Analysis
2020-12-02,"Agilent Announces New, Innovative 7850 ICP-MS System"
2020-11-30,Agilent Announces Launch of Global Biomarker Pathologist Training Program
2020-11-24,"Agilent's (A) Q4 Earnings Beat Estimates, Revenues Up Y/Y"
2020-11-23,Agilent Technologies Inc (A) Q4 2020 Earnings Call Transcript
2020-11-23,"Agilent Tops Estimates, Offers Upbeat Guidance"
2020-11-23,Agilent Technologies (A) Q4 Earnings and Revenues Surpass Estimates
2020-11-23,Agilent Technologies: Q4 Earnings Insights
2020-11-23,Agilent Reports Fourth-Quarter and Fiscal Year 2020 Financial Results; Initiates Fiscal 2021 Guidance
2020-11-23,P/E Ratio Insights for Agilent Technologies
2020-11-23,Agilent Launches New NanoDis System for Nanoparticle Dissolution Testing
2020-11-22,"Best Buy, Deere, Dell Technologies, Gap, and Other Stocks for Investors to Watch This Week"
2020-11-20,"Agilent (A) Hikes Dividend to 19.4 Cents, Rewards Shareholders"
2020-11-19,Bill Ackman is auctioning off a lunch meeting and promises to make it 'worth the while'
2020-11-18,Agilent Increases Cash Dividend to 19.4 Cents Per Share
2020-11-18,What's in the Offing for Agilent (A) This Earnings Season?
2020-11-17,Agilent Presents Thought Leader Award to Drs. Carl H. June and Michael Milone
2020-11-17,Agilent Gets Expanded FDA Approval for pharmDX Assay in U.S.
2020-11-16,Agilent Technologies (A) Reports Next Week: Wall Street Expects Earnings Growth
2020-11-13,Agilent Receives Expanded FDA Approval for PD-L1 IHC 22C3 pharmDx in Triple-Negative Breast Cancer
2020-11-04,Were These Hedge Funds Right About Buying Agilent Technologies Inc. (A)?
2020-11-04,Agilent Collaborates With SGS to Release New US EPA Method for the Analysis of Dioxins Using GC/TQ
2020-11-02,Why Agilent (A) Could Beat Earnings Estimates Again
2020-10-29,Burning Rock to Present Validation Data of Magnis BR at the AMP Annual Meeting
2020-10-29,"Agilent to Webcast Fourth-Quarter Fiscal Year 2020 Financial Results Presentation, Sets Date for Virtual Analyst and Investor Meeting"
2020-10-26,"Bill Ackman Reduces Lowe's, Agilent Technologies and Hilton Worldwide Holdings"
2020-10-23,If You Had Bought Agilent Technologies (NYSE:A) Shares Five Years Ago You'd Have Earned 183% Returns
2020-10-19,Agilent to Showcase Their Commitment to Sustainability at analytica virtual 2020
2020-10-15,Agilent Vaya Raman Raw Material ID Verification System Receives 2020 R&D 100 Award
2020-10-14,Agilent Early Career Professor Award Presented to Carl DeSelm
2020-10-08,Agilent Announces the Availability of Objective Decision Support for Pathologists Reviewing Breast Cancer Cases
2020-10-07,Dow Jones Rises 530 Points On Stimulus Hopes; Several Leading Stocks Break Out
2020-09-30,"Nike, OrganiGram, Thermo Fisher, Danaher Corp and Agilent Tech highlighted as Zacks Bull and Bear of the Day"
2020-09-17,Agilent (A) Up 2% Since Last Earnings Report: Can It Continue?
2020-09-17,Agilent Expands Line of Innovative Flow Cytometers with the NovoCyte Penteon
2020-09-17,What Does Agilent Technologies' (NYSE:A) CEO Pay Reveal?
2020-09-16,Agilent Announces Cash Dividend of 18 Cents Per Share
2020-09-09,Hedge Funds Are Coming Back To Agilent Technologies Inc. (A)
2020-09-03,Agilent Announces Webcast for Investment Community
2020-09-01,"Agilent Announces SureSelect XT HS2 RNA Reagent Kit, a Library Prep and Target Enrichment Solution for RNA-Seq"
2020-08-31,Why Agilent Technologies (A) Stock is a Compelling Investment Case
2020-08-27,Agilent Sets the Standard in Customer Flexibility with Analytical Technology Subscription Model
2020-08-19,P/E Ratio Insights for Agilent Technologies
2020-08-19,"Agilent's (A) Q3 Earnings Beat Estimates, Revenues Down Y/Y"
2020-08-19,Agilent Falls In Pre-Market As Quarterly Sales Miss; Oppenheimer Says Hold
2020-08-19,Agilent Technologies Inc (A) Q3 2020 Earnings Call Transcript
2020-08-18,Agilent Technologies (A) Beats Q3 Earnings and Revenue Estimates
2020-08-18,Agilent Technologies shares dip 2% on decline in revenue
2020-08-18,Agilent Reports Third-Quarter Fiscal Year 2020 Financial Results
2020-08-18,Agilent's Debt Overview
2020-08-18,Agilent to Expand State-of-the-Art Manufacturing Capacity for Nucleic Acid-Based Therapeutics
2020-08-17,"Bill Ackman Bows Out of Berkshire, Blackstone and Park Hotels & Resorts"
2020-08-17,MOBILion Closes $35M Series B Financing Round
2020-08-14,Not Your Fathers Tesla
2020-08-13,"The Zacks Analyst Blog Highlights: JD, Agilent, Nordson, Deere and Dollar General"
2020-08-12,Agilent (A) Gears Up for Q3 Earnings: What's in the Cards?
2020-08-12,"What Is The Ownership Structure Like For Agilent Technologies, Inc. (NYSE:A)?"
2020-08-12,"At US$96.30, Is Agilent Technologies, Inc. (NYSE:A) Worth Looking At Closely?"
2020-08-11,Agilent Technologies (A) Expected to Beat Earnings Estimates: Should You Buy?
2020-08-07,Here's Why Momentum Investors Will Love Agilent Technologies (A)
2020-08-04,Agilent Technologies At Upper End Of Buy Range With Earnings Due
2020-07-29,"Tractor Supply, Tanger Factory, Cisco, Agilent and Benefitfocus as Zacks Bull and Bear of the Day"
2020-07-27,Agilent to Webcast Third-Quarter Fiscal Year 2020 Financial Results Conference Call
2020-07-22,What Makes Agilent (A) a New Buy Stock
2020-07-22,Are You Looking for a Top Momentum Pick? Why Agilent Technologies (A) is a Great Choice
2020-07-13,"Agilent Technologies, Inc.'s (NYSE:A) Stock's On An Uptrend: Are Strong Financials Guiding The Market?"
2020-07-09,Did Hedge Funds Make The Right Call On Agilent Technologies Inc. (A) ?
2020-07-02,European stocks surge as U.S. economy adds 4.8 million jobs in June
2020-06-28,"The 100 Most Sustainable Companies, Reranked by Social Factors"
2020-06-20,Agilent (A) Up 9.9% Since Last Earnings Report: Can It Continue?
2020-06-15,Billions or trillions: The great coronavirus trade-off
2020-06-11,"Zacks.com featured highlights include: Lowes Companies, Charles River Laboratories International, Agilent Technologies and East West"
2020-06-10,4 GARP Stocks to Scoop Up for Maximum Returns
2020-06-04,Agilent Technologies Could Trade Still Higher in the Weeks Ahead
2020-06-04,Agilent (A) Launches Two Products in Mass Spectrometry
2020-06-03,Agilent Technologies Inc. (A): Are Hedge Funds Right About This Stock?
2020-06-02,"Agilent's Shares March Higher, Can It Continue?"
2020-06-02,Agilent (A) Announces Proposed Offering of Senior Notes
2020-06-01,Agilent Technologies Announces Pricing of $500 Million of Senior Notes
2020-06-01,"Agilent Technologies, Inc. -- Moody's assigns Baa2 rating to Agilent's notes offering"
2020-06-01,Agilent files for an offering of senior notes
2020-06-01,Agilent Technologies Announces Proposed Offering of Senior Notes
2020-06-01,Agilent Announces New Mass Spectrometry Products at ASMS 2020 Reboot
2020-05-29,Recent Stock Rally May Trip Up Activist Investors
2021-02-17,Agilent Announces Higher-Sensitivity XF Analysis Solution for Low Abundant Immune Cell Metabolic Analysis
2021-02-16,Agilent Technologies Inc (A) Q1 2021 Earnings Call Transcript
2021-02-16,Recap: Agilent Technologies Q1 Earnings
2021-02-16,"Agilent Technologies shares up 2% on better-than-expected earnings, sales"
2021-02-16,Agilent Reports First-Quarter Fiscal Year 2021 Financial Results
2021-02-12,Is a Surprise Coming for Agilent (A) This Earnings Season?
2021-02-12,What's in the Offing for Agilent (A) This Earnings Season?
2021-02-10,Looking Into Agilent Technologies's Return On Capital Employed
2021-02-09,Agilent Technologies (A) Earnings Expected to Grow: Should You Buy?
2021-02-09,What Makes Agilent (A) a New Buy Stock
2021-02-08,Agilent to Present at Upcoming Investor Events; Provides Webcast Details for Annual Shareholder Meeting
